frequency,sourceX,sourceY,targetX,targetY
1334,0,news,1,living
665,1,opinion,2,on-air
823,2,on-air,3,travel
845,6,summary,7,msn-sports
555,6,frontpage,7,news
925,7,on-air,8,living
2135,2,frontpage,3,sports
3761,0,living,1,on-air
1423,0,misc,1,health
2524,0,sports,1,sports
996,3,summary,4,opinion
2087,0,bbs,1,bbs
685,5,summary,6,health
2091,2,health,3,travel
674,4,opinion,5,msn-sports
1683,3,bbs,4,bbs
1741,0,weather,1,news
1028,6,misc,7,on-air
1353,0,living,1,summary
604,0,sports,1,living
1631,4,travel,5,bbs
206,3,living,4,travel
1630,4,business,5,on-air
398,2,msn-news,3,weather
863,3,weather,4,tech
1030,6,summary,7,on-air
1874,3,health,4,living
260,2,business,3,misc
2385,4,travel,5,frontpage
206,7,travel,8,health
133,7,business,8,opinion
318,5,living,6,misc
1243,1,news,2,travel
635,2,frontpage,3,news
371,1,living,2,on-air
1395,1,travel,2,summary
541,2,opinion,3,living
880,5,living,6,business
207,1,misc,2,bbs
688,4,health,5,summary
1316,2,summary,3,misc
1544,4,tech,5,local
155,5,summary,6,msn-news
371,7,misc,8,bbs
160,2,living,3,summary
992,4,msn-news,5,weather
1853,3,business,4,summary
696,1,health,2,travel
2093,3,opinion,4,msn-sports
658,3,weather,4,msn-sports
2226,1,misc,2,misc
1327,2,summary,3,health
309,7,living,8,bbs
1313,0,msn-sports,1,sports
1140,4,business,5,frontpage
549,0,sports,1,summary
371,5,bbs,6,on-air
1177,3,misc,4,travel
188,3,msn-news,4,msn-sports
1190,6,health,7,local
1459,2,health,3,opinion
627,4,living,5,living
700,7,bbs,8,news
590,8,opinion,9,health
2750,3,bbs,4,living
1533,4,health,5,opinion
1116,1,health,2,tech
1839,1,msn-sports,2,frontpage
351,5,tech,6,weather
720,4,local,5,opinion
763,7,news,8,weather
338,3,summary,4,on-air
1585,3,summary,4,weather
861,6,travel,7,summary
1320,3,summary,4,local
1517,0,misc,1,msn-news
420,3,business,4,msn-news
723,6,msn-sports,7,bbs
754,8,on-air,9,opinion
3332,0,summary,1,msn-sports
2839,1,travel,2,frontpage
846,3,local,4,news
1621,0,frontpage,1,misc
2797,0,msn-sports,1,summary
849,6,living,7,msn-sports
1903,0,news,1,health
994,1,weather,2,sports
853,5,news,6,health
1459,0,sports,1,misc
776,4,travel,5,health
1146,6,tech,7,weather
1339,5,frontpage,6,living
505,8,msn-news,9,business
852,3,news,4,travel
832,6,msn-news,7,business
436,7,msn-news,8,misc
756,4,opinion,5,msn-news
1196,4,health,5,living
1193,1,weather,2,living
232,4,sports,5,tech
1182,2,sports,3,bbs
1564,3,tech,4,opinion
283,7,bbs,8,living
1187,0,msn-sports,1,weather
342,6,travel,7,local
570,2,travel,3,local
699,5,msn-news,6,on-air
746,2,misc,3,weather
969,4,travel,5,business
1263,4,msn-news,5,tech
2079,3,living,4,summary
1244,6,business,7,on-air
791,3,living,4,misc
1481,2,on-air,3,tech
2576,1,health,2,bbs
498,3,tech,4,business
1158,6,msn-sports,7,tech
893,3,msn-sports,4,travel
1608,4,travel,5,opinion
1084,5,business,6,summary
1320,5,travel,6,bbs
988,7,sports,8,msn-news
1604,4,msn-news,5,news
1158,2,news,3,opinion
1512,0,on-air,1,sports
2074,3,misc,4,business
889,0,health,1,health
688,8,living,9,sports
1440,2,summary,3,msn-news
1483,3,tech,4,travel
1459,4,opinion,5,summary
765,4,health,5,health
957,3,living,4,on-air
569,8,msn-sports,9,on-air
1175,6,msn-news,7,living
372,1,misc,2,living
916,3,travel,4,tech
1540,0,news,1,opinion
1249,3,weather,4,news
1317,2,local,3,news
889,3,summary,4,summary
576,2,local,3,tech
1751,3,weather,4,msn-news
2,2,bbs,3,msn-sports
3431,5,business,6,living
686,1,tech,2,living
891,0,opinion,1,local
946,8,bbs,9,business
959,5,travel,6,opinion
1312,0,travel,1,summary
1544,2,bbs,3,summary
1301,3,on-air,4,health
404,5,msn-sports,6,bbs
3474,1,health,2,sports
271,4,bbs,5,weather
1109,0,bbs,1,misc
333,0,business,1,weather
931,2,msn-sports,3,summary
677,3,tech,4,msn-sports
884,6,living,7,local
453,4,health,5,business
1210,3,frontpage,4,weather
2264,2,living,3,health
929,6,health,7,travel
811,0,weather,1,opinion
538,5,frontpage,6,local
1655,1,local,2,msn-news
309,5,business,6,frontpage
340,6,frontpage,7,msn-news
2705,0,travel,1,business
2062,2,on-air,3,msn-sports
1098,3,sports,4,travel
2994,2,travel,3,living
2690,0,on-air,1,msn-news
1892,0,tech,1,weather
2253,2,travel,3,health
2111,0,frontpage,1,msn-news
685,3,misc,4,summary
1092,3,sports,4,misc
588,5,msn-sports,6,summary
525,3,msn-news,4,on-air
2418,2,weather,3,health
944,7,opinion,8,opinion
1324,6,msn-sports,7,summary
546,2,msn-sports,3,misc
1510,6,business,7,weather
390,2,tech,3,business
1921,0,summary,1,weather
328,0,summary,1,misc
1183,3,opinion,4,local
1613,2,misc,3,health
62,7,opinion,8,summary
996,6,sports,7,misc
3114,1,local,2,health
1051,2,sports,3,business
788,1,travel,2,weather
1649,4,business,5,tech
312,5,news,6,bbs
1673,0,travel,1,frontpage
955,8,on-air,9,business
340,5,sports,6,frontpage
760,1,frontpage,2,weather
1205,4,sports,5,living
555,8,travel,9,local
1638,4,weather,5,on-air
761,1,living,2,living
675,1,msn-news,2,weather
475,6,weather,7,tech
2673,0,on-air,1,bbs
2125,4,business,5,news
1017,1,health,2,business
853,6,health,7,misc
1060,0,on-air,1,local
1082,3,business,4,travel
1468,0,opinion,1,summary
2310,3,news,4,living
1569,2,msn-news,3,msn-news
1231,0,on-air,1,on-air
254,1,weather,2,misc
2096,1,travel,2,health
2109,7,living,8,living
233,1,business,2,bbs
2351,0,misc,1,frontpage
808,1,on-air,2,bbs
962,4,summary,5,health
772,8,weather,9,opinion
1238,5,summary,6,frontpage
596,2,local,3,msn-sports
444,1,msn-news,2,living
205,1,living,2,bbs
953,7,tech,8,summary
557,4,sports,5,weather
884,1,misc,2,news
1426,0,msn-news,1,health
569,0,living,1,weather
860,3,sports,4,opinion
1014,3,sports,4,business
819,6,msn-news,7,local
592,6,sports,7,local
1818,1,bbs,2,health
1978,7,tech,8,frontpage
2294,1,bbs,2,living
720,5,business,6,msn-sports
2106,0,sports,1,on-air
2724,0,sports,1,bbs
1761,2,weather,3,msn-sports
141,2,sports,3,msn-news
3275,0,frontpage,1,local
1412,6,summary,7,travel
2790,0,business,1,on-air
1851,3,weather,4,sports
1650,5,health,6,frontpage
351,7,local,8,opinion
1770,2,news,3,travel
122,8,tech,9,local
903,5,opinion,6,opinion
164,0,summary,1,bbs
528,7,opinion,8,living
723,1,opinion,2,misc
3180,0,frontpage,1,health
576,8,summary,9,health
861,6,tech,7,opinion
2826,0,sports,1,msn-news
742,3,msn-sports,4,bbs
2161,5,sports,6,tech
1715,4,living,5,bbs
2,5,health,6,msn-sports
2168,3,frontpage,4,living
952,3,living,4,opinion
30,0,sports,1,health
42,6,travel,7,bbs
1663,1,msn-news,2,frontpage
1206,2,business,3,travel
82,4,opinion,5,travel
214,4,on-air,5,business
1721,4,misc,5,travel
1461,4,living,5,weather
1486,3,opinion,4,business
485,1,opinion,2,bbs
1238,1,sports,2,summary
781,2,weather,3,summary
1774,2,health,3,local
811,0,news,1,travel
1547,1,business,2,msn-sports
2422,6,frontpage,7,travel
1250,3,sports,4,sports
40,8,living,9,misc
487,3,on-air,4,bbs
1713,5,local,6,living
45,4,on-air,5,travel
544,3,weather,4,travel
2460,3,msn-news,4,health
1263,4,on-air,5,news
369,4,bbs,5,business
294,0,local,1,weather
2950,3,frontpage,4,misc
2172,1,summary,2,business
862,8,msn-sports,9,tech
1510,1,msn-news,2,summary
604,5,travel,6,frontpage
1382,2,msn-news,3,summary
568,4,on-air,5,living
818,1,health,2,living
2042,1,sports,2,bbs
1440,5,misc,6,msn-news
795,1,business,2,business
2087,0,msn-sports,1,business
852,5,business,6,sports
573,4,travel,5,travel
853,7,misc,8,sports
3734,1,summary,2,weather
2259,1,weather,2,local
1564,1,frontpage,2,travel
125,3,weather,4,bbs
943,7,business,8,news
889,7,tech,8,travel
780,1,health,2,msn-news
911,1,opinion,2,travel
960,8,living,9,tech
1326,2,news,3,sports
1149,1,bbs,2,weather
229,6,frontpage,7,health
935,4,living,5,business
133,8,opinion,9,misc
142,7,on-air,8,summary
1338,3,bbs,4,opinion
1427,2,business,3,bbs
960,5,weather,6,bbs
619,6,sports,7,summary
1719,1,opinion,2,living
426,2,sports,3,weather
166,1,frontpage,2,misc
846,4,msn-sports,5,frontpage
862,7,bbs,8,msn-sports
670,2,bbs,3,sports
1258,4,summary,5,weather
949,6,bbs,7,bbs
2676,1,weather,2,opinion
2152,2,business,3,local
601,6,misc,7,summary
402,7,on-air,8,travel
1060,4,bbs,5,living
161,1,sports,2,travel
1122,2,tech,3,bbs
1316,3,misc,4,msn-news
1847,1,sports,2,frontpage
1500,0,misc,1,travel
1593,2,news,3,local
1785,5,msn-sports,6,local
802,2,misc,3,living
1298,2,weather,3,news
773,7,on-air,8,tech
1680,0,weather,1,summary
896,3,misc,4,opinion
755,5,news,6,living
495,4,living,5,summary
833,3,living,4,news
1818,3,health,4,frontpage
1161,4,msn-news,5,msn-news
483,4,tech,5,msn-news
1335,2,on-air,3,opinion
88,4,bbs,5,bbs
643,8,weather,9,frontpage
1246,5,living,6,sports
802,4,frontpage,5,opinion
713,5,tech,6,bbs
449,2,summary,3,bbs
1300,2,living,3,tech
2006,1,living,2,msn-news
1014,6,summary,7,opinion
952,6,living,7,weather
1052,1,sports,2,msn-news
732,1,travel,2,living
852,5,business,6,on-air
2861,2,weather,3,bbs
1072,4,living,5,sports
2428,1,bbs,2,frontpage
751,4,msn-news,5,local
1543,1,business,2,news
1391,0,living,1,msn-news
161,5,frontpage,6,msn-news
946,5,msn-sports,6,misc
212,5,travel,6,sports
160,3,summary,4,tech
935,7,summary,8,bbs
1407,5,misc,6,health
283,2,business,3,sports
447,6,health,7,weather
1154,3,misc,4,bbs
76,5,misc,6,summary
1803,1,bbs,2,bbs
293,6,local,7,tech
126,5,weather,6,business
527,3,sports,4,frontpage
84,0,opinion,1,msn-sports
1186,6,msn-sports,7,business
1510,3,summary,4,msn-sports
505,0,local,1,on-air
1267,3,on-air,4,tech
3746,1,living,2,misc
523,5,news,6,news
1421,3,frontpage,4,frontpage
1791,0,msn-news,1,sports
291,0,health,1,news
883,1,summary,2,local
70,7,sports,8,sports
1541,0,msn-sports,1,living
3402,2,misc,3,on-air
369,7,bbs,8,opinion
2083,2,tech,3,msn-sports
1028,6,opinion,7,local
1382,5,summary,6,msn-sports
1030,5,tech,6,travel
627,7,bbs,8,summary
723,2,frontpage,3,opinion
927,4,living,5,on-air
1597,0,on-air,1,tech
1136,5,news,6,opinion
723,6,summary,7,msn-news
2502,4,health,5,tech
2113,1,news,2,bbs
487,6,on-air,7,weather
748,5,on-air,6,living
1715,4,news,5,business
734,4,sports,5,sports
145,7,health,8,weather
525,6,travel,7,living
2742,1,tech,2,msn-sports
308,6,bbs,7,sports
660,6,tech,7,local
843,7,local,8,news
978,6,opinion,7,weather
1557,3,living,4,bbs
783,1,travel,2,on-air
2075,7,tech,8,weather
3828,4,msn-news,5,summary
927,5,on-air,6,summary
2369,4,summary,5,bbs
160,3,travel,4,business
249,6,local,7,frontpage
17,2,travel,3,on-air
626,4,msn-sports,5,misc
1645,1,business,2,living
1160,4,msn-news,5,travel
513,2,news,3,summary
589,0,living,1,health
589,0,msn-sports,1,tech
1402,4,frontpage,5,weather
2232,6,living,7,living
968,3,news,4,tech
1512,5,weather,6,frontpage
761,7,frontpage,8,opinion
2523,0,summary,1,travel
1838,1,bbs,2,sports
436,6,business,7,msn-news
559,2,msn-sports,3,bbs
1248,2,summary,3,opinion
12,4,opinion,5,on-air
1339,6,misc,7,local
1066,2,travel,3,weather
418,3,weather,4,health
821,4,on-air,5,misc
847,3,on-air,4,business
981,7,on-air,8,weather
2136,2,health,3,msn-sports
972,1,msn-news,2,news
1504,7,msn-sports,8,health
2168,3,news,4,msn-news
875,4,tech,5,news
1781,4,msn-news,5,misc
1080,5,tech,6,opinion
3232,1,msn-sports,2,sports
2015,5,on-air,6,msn-news
223,0,weather,1,living
874,4,summary,5,on-air
1173,4,sports,5,travel
673,3,tech,4,summary
492,3,opinion,4,msn-news
1176,7,msn-sports,8,news
3097,3,tech,4,news
1767,5,opinion,6,local
481,0,summary,1,health
975,8,on-air,9,living
1599,0,opinion,1,sports
2740,0,summary,1,frontpage
893,2,sports,3,misc
505,5,sports,6,msn-news
2095,0,msn-news,1,on-air
1469,5,living,6,weather
62,4,bbs,5,msn-news
798,5,opinion,6,bbs
1887,1,local,2,msn-sports
212,1,local,2,tech
629,8,msn-news,9,living
1231,2,tech,3,tech
1642,1,bbs,2,travel
704,5,bbs,6,weather
783,6,msn-news,7,travel
20,1,opinion,2,news
513,5,bbs,6,tech
670,7,living,8,weather
722,3,weather,4,opinion
880,5,travel,6,local
853,3,business,4,news
950,6,weather,7,living
1191,0,on-air,1,misc
1380,3,msn-news,4,bbs
685,2,tech,3,msn-news
1852,4,misc,5,on-air
1228,3,weather,4,frontpage
226,5,weather,6,weather
1190,2,living,3,weather
160,4,opinion,5,tech
1857,2,tech,3,frontpage
1584,1,tech,2,health
765,7,msn-news,8,health
975,4,tech,5,sports
164,4,sports,5,frontpage
1815,4,opinion,5,frontpage
688,6,misc,7,living
102,7,sports,8,opinion
312,7,opinion,8,weather
779,1,tech,2,misc
935,2,local,3,frontpage
1097,7,sports,8,news
276,0,news,1,weather
68,7,frontpage,8,tech
944,3,health,4,on-air
2765,2,health,3,misc
649,0,misc,1,business
1979,4,bbs,5,misc
2109,1,summary,2,misc
1020,1,misc,2,opinion
351,0,health,1,on-air
629,7,health,8,msn-news
1058,1,opinion,2,business
99,0,msn-sports,1,local
2731,2,misc,3,msn-news
955,5,living,6,opinion
2189,4,business,5,weather
751,1,msn-news,2,health
517,8,misc,9,health
1345,6,news,7,frontpage
1533,5,bbs,6,misc
1163,0,msn-sports,1,bbs
937,4,misc,5,bbs
1489,3,opinion,4,living
875,8,opinion,9,living
2332,3,local,4,living
3993,3,weather,4,misc
900,8,local,9,sports
1284,0,living,1,opinion
312,8,weather,9,msn-news
142,8,summary,9,frontpage
1809,0,living,1,misc
713,5,sports,6,living
118,1,on-air,2,sports
1503,2,living,3,living
1363,4,news,5,bbs
1004,1,msn-sports,2,on-air
974,1,health,2,misc
122,7,weather,8,health
1073,0,local,1,summary
1391,3,sports,4,msn-sports
713,4,living,5,opinion
343,3,health,4,news
3805,5,weather,6,msn-sports
2313,2,sports,3,living
2458,1,news,2,news
336,0,summary,1,tech
309,6,frontpage,7,living
1462,2,living,3,opinion
107,8,msn-sports,9,news
1349,0,on-air,1,opinion
557,6,msn-news,7,frontpage
730,2,news,3,business
2278,4,weather,5,msn-news
216,0,travel,1,misc
283,4,summary,5,news
717,7,msn-sports,8,frontpage
915,0,tech,1,msn-news
627,5,health,6,bbs
1507,0,on-air,1,weather
1461,1,sports,2,news
1069,1,sports,2,tech
643,5,msn-news,6,travel
275,7,msn-sports,8,opinion
791,4,on-air,5,health
900,1,tech,2,summary
984,6,on-air,7,msn-news
1950,0,local,1,news
250,2,business,3,living
982,0,sports,1,msn-sports
623,3,news,4,on-air
2788,3,msn-sports,4,weather
590,7,health,8,opinion
1072,3,frontpage,4,opinion
2748,2,summary,3,tech
1776,1,living,2,opinion
122,6,sports,7,sports
1327,1,weather,2,frontpage
783,5,tech,6,msn-news
920,1,health,2,msn-sports
854,3,bbs,4,local
2103,4,travel,5,weather
1497,1,opinion,2,msn-news
2232,0,frontpage,1,msn-sports
492,2,opinion,3,sports
1759,1,msn-news,2,msn-sports
3044,0,business,1,bbs
738,4,misc,5,sports
827,8,weather,9,living
513,3,summary,4,sports
965,5,health,6,living
492,6,business,7,opinion
805,1,opinion,2,health
277,6,opinion,7,living
1039,5,summary,6,opinion
1801,3,travel,4,on-air
1245,4,misc,5,opinion
2513,1,travel,2,tech
685,2,frontpage,3,misc
721,6,bbs,7,msn-news
1764,4,on-air,5,opinion
351,8,opinion,9,msn-sports
2253,0,msn-news,1,opinion
2306,1,frontpage,2,news
185,7,local,8,misc
773,6,frontpage,7,on-air
532,1,news,2,on-air
1168,1,on-air,2,msn-sports
784,4,tech,5,frontpage
940,3,bbs,4,frontpage
404,7,frontpage,8,bbs
1732,4,news,5,weather
82,1,travel,2,business
1002,3,frontpage,4,bbs
1157,1,msn-sports,2,opinion
946,7,opinion,8,bbs
565,5,tech,6,misc
5347,1,business,2,misc
698,8,sports,9,weather
2157,5,msn-news,6,business
479,3,msn-news,4,frontpage
842,6,business,7,msn-sports
710,1,living,2,health
3152,1,weather,2,bbs
1629,3,frontpage,4,local
276,4,news,5,msn-sports
355,4,frontpage,5,summary
2668,2,sports,3,health
1415,4,business,5,local
1462,0,news,1,misc
2638,0,sports,1,frontpage
546,6,health,7,opinion
434,0,health,1,misc
1727,2,frontpage,3,travel
1655,6,msn-news,7,health
525,8,frontpage,9,frontpage
588,7,travel,8,msn-sports
902,3,news,4,opinion
922,0,bbs,1,travel
1026,7,sports,8,weather
1562,0,msn-news,1,summary
619,4,misc,5,local
2043,3,on-air,4,summary
647,5,sports,6,local
477,2,tech,3,on-air
959,4,weather,5,bbs
357,4,news,5,on-air
896,5,msn-sports,6,living
941,6,frontpage,7,bbs
848,0,living,1,local
1967,3,travel,4,frontpage
797,3,travel,4,sports
2125,1,frontpage,2,sports
652,8,on-air,9,frontpage
719,3,travel,4,opinion
3255,2,sports,3,frontpage
697,2,msn-news,3,frontpage
1668,2,msn-news,3,living
1505,2,bbs,3,on-air
67,3,frontpage,4,msn-news
1367,0,summary,1,local
925,5,tech,6,msn-sports
1600,3,misc,4,news
229,7,health,8,travel
517,5,frontpage,6,sports
166,3,tech,4,on-air
1308,0,on-air,1,summary
1550,0,on-air,1,frontpage
1270,2,bbs,3,local
1776,5,msn-sports,6,frontpage
1225,7,bbs,8,local
1132,2,weather,3,travel
361,6,health,7,frontpage
1316,4,msn-sports,5,bbs
793,2,bbs,3,travel
29,1,business,2,summary
639,6,sports,7,weather
3051,1,health,2,health
549,3,on-air,4,weather
537,6,local,7,travel
1749,0,tech,1,bbs
787,4,frontpage,5,business
1743,4,local,5,news
1568,1,msn-news,2,misc
1825,0,living,1,tech
1641,1,opinion,2,opinion
76,2,msn-news,3,sports
1459,3,bbs,4,weather
2454,5,local,6,local
637,3,local,4,travel
950,3,bbs,4,tech
447,7,bbs,8,tech
5333,0,weather,1,on-air
371,2,sports,3,summary
1468,1,summary,2,summary
170,2,msn-news,3,business
448,6,business,7,bbs
1081,1,business,2,sports
2847,3,living,4,business
4,5,living,6,news
949,0,business,1,msn-sports
586,5,on-air,6,tech
652,2,bbs,3,misc
248,4,local,5,living
842,7,on-air,8,business
843,2,business,3,weather
1673,1,health,2,local
361,6,misc,7,misc
1167,2,msn-news,3,misc
1667,5,msn-sports,6,tech
2463,1,news,2,weather
995,4,bbs,5,msn-sports
105,6,summary,7,local
2674,1,tech,2,frontpage
20,6,on-air,7,frontpage
744,5,weather,6,opinion
1434,3,summary,4,business
2382,5,msn-news,6,msn-news
1324,1,tech,2,news
2089,0,business,1,local
351,6,weather,7,local
1311,3,msn-news,4,msn-news
1864,7,misc,8,weather
842,5,frontpage,6,business
511,1,tech,2,tech
2046,3,misc,4,on-air
972,7,travel,8,news
2891,1,msn-news,2,on-air
786,2,summary,3,msn-sports
417,1,local,2,frontpage
555,3,msn-sports,4,opinion
1137,0,summary,1,living
451,2,tech,3,weather
1429,5,msn-sports,6,news
972,3,business,4,tech
475,8,business,9,frontpage
1880,1,opinion,2,sports
1870,0,travel,1,on-air
29,0,weather,1,business
689,2,weather,3,msn-news
798,6,bbs,7,living
879,4,news,5,msn-news
1674,2,business,3,health
1101,2,frontpage,3,local
110,0,summary,1,sports
2349,2,bbs,3,tech
703,4,opinion,5,local
2739,4,health,5,frontpage
3010,1,tech,2,local
1110,1,sports,2,on-air
935,1,opinion,2,local
490,0,travel,1,opinion
1184,0,bbs,1,news
455,6,on-air,7,msn-sports
757,1,summary,2,frontpage
1076,0,news,1,bbs
2325,3,sports,4,tech
3464,0,travel,1,tech
1561,1,business,2,travel
2353,0,tech,1,local
688,5,msn-sports,6,health
161,8,tech,9,weather
2329,0,health,1,opinion
1040,0,summary,1,business
938,2,on-air,3,news
3773,1,tech,2,business
86,0,summary,1,on-air
2150,5,bbs,6,frontpage
853,0,summary,1,summary
2421,0,frontpage,1,news
1793,1,bbs,2,news
325,7,opinion,8,tech
667,4,tech,5,weather
2426,1,travel,2,msn-news
475,5,frontpage,6,misc
966,6,living,7,opinion
1112,1,business,2,frontpage
477,3,on-air,4,living
13,6,tech,7,msn-news
198,5,travel,6,msn-news
895,1,misc,2,msn-sports
641,4,weather,5,opinion
1565,3,frontpage,4,sports
1144,2,misc,3,bbs
1222,0,news,1,business
1479,3,summary,4,health
670,8,weather,9,weather
1327,2,msn-sports,3,on-air
1124,4,frontpage,5,travel
928,3,health,4,sports
3075,1,bbs,2,misc
885,2,misc,3,tech
192,8,opinion,9,summary
546,5,weather,6,health
511,5,bbs,6,msn-sports
1770,2,frontpage,3,msn-news
1390,7,on-air,8,frontpage
1652,4,summary,5,sports
1528,2,msn-sports,3,msn-news
1174,7,weather,8,on-air
955,6,frontpage,7,msn-sports
214,2,living,3,local
1061,2,news,3,weather
1047,5,tech,6,tech
1255,2,sports,3,travel
569,4,summary,5,local
1745,6,msn-sports,7,on-air
2943,3,bbs,4,health
569,2,opinion,3,tech
1133,5,opinion,6,on-air
885,1,summary,2,living
2350,1,on-air,2,opinion
776,3,business,4,business
290,8,travel,9,tech
537,5,weather,6,local
442,6,msn-news,7,news
854,5,msn-news,6,news
133,6,opinion,7,business
658,2,local,3,msn-news
1545,5,summary,6,misc
555,7,news,8,on-air
331,3,business,4,msn-sports
1431,6,tech,7,on-air
752,6,tech,7,sports
1602,6,travel,7,sports
921,3,opinion,4,summary
673,1,living,2,weather
915,2,misc,3,msn-sports
2196,7,bbs,8,misc
478,1,opinion,2,tech
1006,7,news,8,local
1758,4,news,5,misc
182,6,weather,7,business
884,1,local,2,news
955,7,msn-sports,8,on-air
1120,2,frontpage,3,frontpage
1207,0,news,1,msn-news
295,3,health,4,msn-sports
443,8,msn-news,9,weather
391,8,bbs,9,local
764,7,living,8,local
1074,0,business,1,health
1233,0,health,1,bbs
1460,1,frontpage,2,msn-sports
246,4,msn-news,5,health
571,2,local,3,summary
1926,2,bbs,3,opinion
1369,5,frontpage,6,health
1705,1,on-air,2,msn-news
227,8,frontpage,9,bbs
3843,1,travel,2,local
475,7,tech,8,business
2406,0,living,1,bbs
749,6,local,7,on-air
1721,2,weather,3,local
2023,2,msn-news,3,bbs
1421,0,local,1,health
490,3,weather,4,weather
1181,3,news,4,msn-sports
226,5,opinion,6,weather
429,8,tech,9,msn-news
851,4,local,5,bbs
1656,1,msn-news,2,opinion
934,6,local,7,health
371,6,on-air,7,misc
174,4,on-air,5,msn-news
482,0,bbs,1,tech
408,1,news,2,opinion
2744,3,business,4,weather
1486,4,on-air,5,tech
207,8,tech,9,living
1179,1,news,2,tech
1828,2,living,3,business
276,5,frontpage,6,msn-sports
515,3,opinion,4,travel
164,3,msn-sports,4,sports
1539,1,health,2,news
1244,3,travel,4,news
391,3,msn-sports,4,local
772,5,sports,6,misc
819,6,travel,7,msn-sports
427,8,news,9,on-air
1043,0,news,1,summary
1742,6,travel,7,misc
2273,2,msn-news,3,local
346,0,news,1,sports
1579,0,tech,1,news
120,8,news,9,weather
2215,4,summary,5,summary
1367,6,bbs,7,local
3257,0,local,1,tech
646,4,opinion,5,health
2024,0,frontpage,1,sports
1647,0,weather,1,frontpage
98,1,living,2,summary
117,3,travel,4,travel
1137,4,sports,5,msn-sports
489,7,frontpage,8,local
489,8,local,9,news
468,3,local,4,summary
772,6,misc,7,tech
18,1,opinion,2,frontpage
513,7,tech,8,msn-sports
1238,3,travel,4,living
728,7,misc,8,travel
2395,0,weather,1,travel
964,5,local,6,misc
447,7,weather,8,travel
809,2,travel,3,news
834,4,business,5,summary
2943,1,on-air,2,local
537,7,travel,8,frontpage
1120,1,news,2,msn-sports
1360,5,msn-sports,6,sports
528,3,opinion,4,misc
675,8,on-air,9,msn-news
1303,4,msn-sports,5,on-air
200,3,sports,4,weather
2795,0,bbs,1,health
949,5,on-air,6,bbs
1256,0,travel,1,living
1055,2,msn-news,3,msn-sports
1282,3,frontpage,4,summary
977,0,summary,1,news
1726,1,misc,2,business
789,1,summary,2,health
1218,4,local,5,summary
25,7,business,8,misc
930,6,summary,7,bbs
683,5,opinion,6,living
2998,1,tech,2,weather
1662,1,misc,2,msn-news
967,7,travel,8,summary
1839,0,misc,1,weather
1336,6,summary,7,news
1526,6,summary,7,frontpage
3479,2,business,3,on-air
1616,2,news,3,news
230,4,summary,5,travel
705,4,weather,5,misc
301,6,business,7,news
1429,4,living,5,misc
2533,0,business,1,business
2189,0,frontpage,1,travel
277,3,living,4,local
646,7,health,8,news
66,3,bbs,4,sports
944,6,opinion,7,opinion
1867,2,health,3,news
953,8,summary,9,news
283,7,summary,8,health
236,7,bbs,8,travel
721,4,travel,5,msn-news
776,8,travel,9,news
1042,4,news,5,travel
1660,3,sports,4,bbs
656,1,tech,2,msn-news
297,8,bbs,9,travel
149,7,news,8,msn-news
1881,1,msn-sports,2,business
826,3,local,4,sports
309,4,business,5,business
880,6,local,7,misc
535,6,news,7,msn-sports
670,8,msn-sports,9,weather
1248,5,misc,6,opinion
517,7,weather,8,misc
1984,5,travel,6,weather
772,5,living,6,living
325,4,local,5,weather
873,3,frontpage,4,business
800,1,bbs,2,local
1219,2,bbs,3,living
963,5,opinion,6,travel
1984,0,bbs,1,weather
950,8,frontpage,9,travel
2711,3,local,4,health
1552,5,local,6,on-air
1403,4,travel,5,sports
984,5,msn-sports,6,on-air
1150,2,travel,3,sports
936,1,weather,2,news
911,3,summary,4,travel
1158,1,frontpage,2,on-air
1082,5,on-air,6,health
819,2,health,3,weather
1039,4,sports,5,misc
81,3,opinion,4,opinion
755,7,bbs,8,frontpage
1064,2,bbs,3,business
1244,4,living,5,msn-sports
1041,7,bbs,8,msn-news
211,0,misc,1,msn-sports
248,6,on-air,7,summary
193,4,msn-news,5,sports
1657,0,tech,1,travel
1630,2,msn-news,3,on-air
2256,4,weather,5,local
1028,1,news,2,summary
1711,2,msn-sports,3,sports
576,7,frontpage,8,summary
987,1,msn-news,2,bbs
2830,2,bbs,3,weather
819,5,frontpage,6,opinion
3283,3,frontpage,4,news
2331,0,sports,1,weather
2432,5,on-air,6,business
2289,1,frontpage,2,bbs
999,3,tech,4,bbs
1864,2,opinion,3,summary
3136,2,opinion,3,frontpage
342,3,business,4,opinion
411,2,travel,3,business
361,7,misc,8,tech
1382,1,business,2,local
891,4,tech,5,misc
2392,4,news,5,summary
1830,2,on-air,3,health
1840,4,living,5,news
701,5,on-air,6,opinion
1821,8,living,9,business
2709,2,local,3,opinion
623,1,summary,2,msn-sports
668,7,misc,8,health
3183,1,local,2,business
467,0,frontpage,1,business
1373,2,local,3,bbs
853,3,sports,4,summary
427,5,travel,6,living
443,7,frontpage,8,msn-news
1348,4,msn-sports,5,msn-sports
640,2,msn-sports,3,frontpage
293,8,living,9,weather
1286,0,travel,1,sports
698,6,frontpage,7,business
858,6,news,7,travel
1380,4,msn-sports,5,travel
779,4,news,5,health
847,3,weather,4,living
1018,5,msn-sports,6,opinion
1433,0,msn-sports,1,health
2109,3,travel,4,msn-sports
667,5,weather,6,travel
1359,7,weather,8,bbs
2704,0,weather,1,weather
2076,3,msn-news,4,business
1308,5,msn-news,6,weather
1325,2,misc,3,business
2258,0,travel,1,msn-sports
160,6,misc,7,frontpage
2040,2,frontpage,3,business
1206,0,tech,1,misc
152,6,msn-news,7,weather
1424,3,health,4,opinion
297,7,business,8,bbs
851,7,travel,8,msn-news
1272,0,on-air,1,business
81,5,msn-news,6,bbs
559,3,bbs,4,summary
1902,0,local,1,misc
3742,0,frontpage,1,weather
354,7,weather,8,opinion
1218,1,on-air,2,living
597,5,travel,6,on-air
570,5,travel,6,news
1282,0,health,1,sports
450,2,on-air,3,living
1535,1,local,2,sports
985,5,bbs,6,bbs
503,4,msn-news,5,on-air
2966,1,frontpage,2,health
757,7,misc,8,msn-sports
824,5,frontpage,6,summary
902,2,travel,3,misc
537,8,frontpage,9,misc
812,2,weather,3,sports
351,4,summary,5,tech
1230,0,health,1,summary
757,6,msn-sports,7,misc
1518,6,travel,7,tech
713,1,news,2,msn-news
1491,5,weather,6,tech
734,2,bbs,3,frontpage
2013,3,opinion,4,sports
827,6,opinion,7,on-air
1656,4,weather,5,business
1260,4,weather,5,msn-sports
2388,0,local,1,travel
907,7,msn-news,8,frontpage
1576,0,local,1,opinion
229,2,health,3,bbs
1037,5,local,6,bbs
1341,1,summary,2,sports
81,7,opinion,8,sports
1658,4,misc,5,weather
652,7,tech,8,on-air
1439,2,tech,3,health
695,8,health,9,sports
1478,2,on-air,3,on-air
1119,0,local,1,sports
663,3,msn-news,4,travel
1663,0,opinion,1,on-air
34,1,msn-sports,2,msn-news
1629,3,sports,4,msn-news
2405,0,news,1,msn-sports
3165,0,sports,1,business
2259,2,opinion,3,bbs
995,0,misc,1,opinion
953,5,business,6,misc
667,8,travel,9,opinion
502,0,frontpage,1,frontpage
161,2,travel,3,msn-sports
975,3,opinion,4,tech
16,6,weather,7,news
1185,4,weather,5,news
542,6,msn-sports,7,sports
1380,0,news,1,on-air
778,8,travel,9,msn-news
1244,0,on-air,1,living
2539,0,bbs,1,msn-sports
176,7,summary,8,opinion
1357,4,travel,5,on-air
2366,0,living,1,news
1862,0,business,1,tech
2034,2,misc,3,frontpage
555,6,on-air,7,travel
2270,2,msn-news,3,opinion
1443,3,misc,4,local
2465,6,news,7,on-air
231,4,opinion,5,bbs
1069,3,msn-news,4,opinion
1438,2,opinion,3,msn-news
815,2,on-air,3,local
2800,4,opinion,5,sports
634,8,weather,9,travel
196,8,local,9,msn-sports
55,1,msn-news,2,business
1353,6,local,7,summary
783,7,travel,8,bbs
6701,3,on-air,4,travel
819,1,living,2,tech
752,6,business,7,health
892,5,health,6,msn-news
1612,5,news,6,business
145,5,summary,6,weather
119,4,bbs,5,health
713,0,misc,1,news
3263,1,misc,2,travel
4224,1,business,2,weather
1376,0,opinion,1,living
858,5,opinion,6,health
2529,4,local,5,travel
1595,5,health,6,travel
236,8,travel,9,business
1287,2,health,3,on-air
921,4,bbs,5,tech
176,2,msn-sports,3,living
1594,7,sports,8,travel
676,7,opinion,8,msn-sports
660,5,summary,6,tech
2027,1,health,2,frontpage
1503,6,on-air,7,health
1061,5,weather,6,misc
1688,5,frontpage,6,news
2381,3,tech,4,living
162,2,travel,3,tech
2378,3,health,4,business
1444,0,local,1,living
2307,3,on-air,4,on-air
944,1,travel,2,misc
925,5,weather,6,news
1521,0,misc,1,tech
145,6,weather,7,health
900,4,weather,5,summary
707,0,msn-sports,1,on-air
2833,4,summary,5,misc
925,0,opinion,1,health
1450,5,summary,6,news
16,5,living,6,msn-news
2901,0,tech,1,health
95,7,msn-news,8,bbs
977,0,health,1,travel
1663,4,opinion,5,weather
1204,1,business,2,on-air
3930,3,msn-news,4,local
128,4,news,5,living
1259,4,business,5,msn-sports
601,0,tech,1,on-air
721,0,msn-sports,1,frontpage
960,6,bbs,7,business
1507,2,frontpage,3,tech
1344,6,weather,7,msn-news
1384,3,travel,4,health
1892,1,local,2,travel
405,3,msn-sports,4,frontpage
1215,1,on-air,2,business
3091,0,opinion,1,weather
1559,3,msn-news,4,summary
1057,5,sports,6,summary
2076,1,bbs,2,summary
3051,0,bbs,1,living
419,1,health,2,opinion
1636,0,opinion,1,news
1048,6,living,7,sports
555,5,frontpage,6,frontpage
2096,2,msn-sports,3,tech
1129,2,on-air,3,sports
276,2,summary,3,weather
76,8,local,9,opinion
4392,0,travel,1,weather
2074,4,business,5,travel
3182,0,health,1,msn-news
755,8,frontpage,9,summary
1637,5,on-air,6,news
950,4,tech,5,travel
739,0,misc,1,on-air
907,5,summary,6,travel
1391,4,msn-sports,5,msn-news
1956,4,bbs,5,frontpage
477,2,summary,3,frontpage
2329,2,weather,3,on-air
835,6,summary,7,weather
1646,0,frontpage,1,bbs
1009,2,news,3,living
1189,5,sports,6,travel
1993,1,frontpage,2,msn-news
410,1,local,2,bbs
1071,5,news,6,sports
2805,0,bbs,1,business
825,2,health,3,summary
223,3,travel,4,msn-news
705,6,msn-sports,7,msn-news
1638,0,msn-news,1,business
921,4,summary,5,opinion
1049,5,tech,6,on-air
707,3,misc,4,misc
2331,3,on-air,4,msn-sports
154,5,local,6,travel
1288,5,business,6,msn-news
545,1,living,2,business
127,6,health,7,tech
1007,7,misc,8,frontpage
681,6,on-air,7,tech
1166,5,misc,6,misc
974,1,sports,2,msn-sports
553,7,on-air,8,msn-sports
950,7,living,8,frontpage
1277,4,news,5,sports
1058,1,msn-news,2,sports
742,4,health,5,msn-sports
2061,1,sports,2,misc
1600,1,misc,2,summary
1987,1,msn-sports,2,living
1397,3,health,4,health
450,6,summary,7,sports
1319,0,msn-sports,1,travel
742,2,sports,3,news
1101,8,news,9,travel
1459,2,travel,3,summary
853,7,sports,8,bbs
854,2,msn-news,3,news
2044,1,summary,2,msn-news
3197,0,msn-news,1,local
1921,0,misc,1,misc
44,6,weather,7,misc
33,5,msn-news,6,living
325,8,tech,9,opinion
3692,2,msn-news,3,health
1877,0,travel,1,news
860,1,living,2,msn-sports
81,8,sports,9,news
1182,3,opinion,4,frontpage
988,6,health,7,sports
1694,5,opinion,6,frontpage
969,1,on-air,2,travel
2563,1,on-air,2,misc
1146,3,tech,4,local
1255,0,msn-sports,1,news
542,5,opinion,6,msn-news
105,3,summary,4,msn-news
44,8,frontpage,9,tech
1871,1,frontpage,2,summary
1145,3,local,4,msn-news
197,3,weather,4,business
1605,7,business,8,local
1357,2,summary,3,local
1481,3,living,4,sports
852,2,bbs,3,health
1786,2,sports,3,tech
142,6,travel,7,on-air
1404,3,business,4,bbs
1518,1,news,2,sports
750,2,weather,3,frontpage
270,6,news,7,misc
61,4,local,5,local
513,0,weather,1,bbs
1994,1,msn-sports,2,local
267,4,bbs,5,travel
902,2,summary,3,news
1910,0,living,1,business
276,3,business,4,misc
270,8,business,9,local
206,6,misc,7,travel
670,0,travel,1,msn-news
372,2,msn-sports,3,news
1958,0,msn-news,1,msn-news
979,1,news,2,frontpage
1786,0,tech,1,living
956,1,msn-sports,2,summary
600,4,msn-sports,5,health
1592,2,msn-sports,3,weather
1413,1,tech,2,opinion
1932,3,bbs,4,business
104,4,misc,5,msn-sports
482,8,msn-news,9,news
1254,4,misc,5,news
1137,2,travel,3,frontpage
1369,2,tech,3,summary
162,4,local,5,on-air
308,0,business,1,travel
33,7,weather,8,living
1659,1,on-air,2,tech
1123,2,local,3,local
1480,4,bbs,5,local
1942,1,travel,2,msn-sports
943,4,weather,5,travel
1179,1,living,2,frontpage
606,0,msn-news,1,misc
284,6,sports,7,msn-news
1536,0,tech,1,tech
746,1,frontpage,2,business
227,2,living,3,sports
275,4,msn-sports,5,opinion
2897,3,local,4,tech
2942,0,business,1,living
447,1,frontpage,2,living
133,6,tech,7,news
877,3,tech,4,msn-news
498,5,tech,6,news
791,5,health,6,misc
385,3,summary,4,bbs
911,4,travel,5,living
3638,2,weather,3,weather
614,2,business,3,summary
1223,3,opinion,4,weather
519,6,news,7,bbs
313,1,travel,2,bbs
313,4,weather,5,weather
788,1,summary,2,tech
369,6,misc,7,bbs
996,1,bbs,2,tech
852,4,msn-news,5,business
896,4,on-air,5,msn-sports
1733,2,weather,3,business
1817,3,msn-news,4,living
274,6,weather,7,msn-sports
1355,2,on-air,3,misc
1038,6,tech,7,tech
680,5,msn-news,6,summary
670,7,local,8,msn-sports
1062,3,weather,4,summary
778,0,opinion,1,opinion
1088,2,tech,3,living
1727,8,bbs,9,news
1563,1,misc,2,weather
1410,4,travel,5,summary
1199,1,summary,2,news
2226,2,sports,3,local
2567,2,msn-sports,3,msn-sports
45,1,travel,2,news
2967,0,tech,1,msn-sports
1048,3,bbs,4,msn-news
754,6,frontpage,7,tech
3318,0,on-air,1,health
1288,4,local,5,frontpage
949,5,on-air,6,local
1436,2,living,3,misc
815,4,msn-sports,5,tech
1822,4,news,5,news
904,4,tech,5,health
1418,0,opinion,1,frontpage
745,3,bbs,4,misc
1095,5,misc,6,tech
1698,1,health,2,weather
627,6,bbs,7,msn-sports
2942,1,msn-sports,2,misc
447,5,local,6,msn-sports
811,2,misc,3,misc
357,7,news,8,msn-sports
1004,6,msn-news,7,msn-sports
1479,6,sports,7,bbs
259,2,health,3,tech
1187,1,local,2,weather
1869,0,health,1,tech
692,2,summary,3,travel
1092,0,opinion,1,misc
931,5,summary,6,sports
1644,5,living,6,msn-sports
1828,0,health,1,msn-sports
797,2,news,3,msn-sports
779,6,frontpage,7,misc
1787,3,local,4,msn-sports
2360,1,msn-sports,2,tech
1476,3,travel,4,weather
478,3,msn-sports,4,misc
2262,2,misc,3,opinion
873,1,bbs,2,msn-sports
626,6,opinion,7,msn-news
1148,3,local,4,opinion
1123,4,sports,5,on-air
2045,2,local,3,travel
2598,0,tech,1,business
642,3,summary,4,news
1613,1,news,2,misc
3215,0,sports,1,news
1455,0,news,1,news
613,5,local,6,news
256,6,living,7,frontpage
3159,0,sports,1,tech
919,8,frontpage,9,sports
1551,0,misc,1,bbs
1691,5,misc,6,local
505,7,living,8,msn-news
487,5,misc,6,on-air
76,6,on-air,7,living
1116,2,frontpage,3,health
849,5,msn-sports,6,msn-news
821,6,living,7,bbs
384,3,msn-sports,4,tech
308,3,msn-sports,4,summary
1550,1,tech,2,sports
634,4,travel,5,misc
1014,3,misc,4,frontpage
2318,6,msn-news,7,opinion
340,4,weather,5,sports
1842,6,opinion,7,msn-sports
992,0,on-air,1,msn-sports
1365,6,bbs,7,tech
447,3,on-air,4,frontpage
2280,1,opinion,2,weather
361,7,frontpage,8,frontpage
308,4,living,5,travel
1373,6,health,7,living
1395,2,travel,3,opinion
809,3,news,4,health
368,6,on-air,7,sports
1036,2,living,3,travel
1329,1,health,2,summary
199,2,summary,3,on-air
954,2,opinion,3,news
2874,0,news,1,tech
2280,0,sports,1,local
997,3,misc,4,tech
1907,1,msn-sports,2,weather
693,7,local,8,tech
1628,3,health,4,weather
1728,1,local,2,on-air
729,6,tech,7,misc
1154,3,health,4,local
1267,3,on-air,4,local
1787,3,living,4,health
2126,4,living,5,frontpage
721,7,msn-news,8,weather
1890,2,sports,3,sports
1833,3,msn-news,4,weather
935,4,misc,5,misc
2435,1,weather,2,business
81,7,opinion,8,health
1698,1,msn-sports,2,health
1218,4,local,5,msn-sports
571,1,local,2,local
1354,4,frontpage,5,local
1471,3,on-air,4,misc
542,5,opinion,6,msn-sports
325,3,business,4,local
1368,1,local,2,summary
437,5,business,6,tech
3952,2,misc,3,local
283,8,health,9,news
3233,3,health,4,travel
1533,2,weather,3,misc
236,3,living,4,weather
282,1,on-air,2,on-air
791,6,tech,7,bbs
1143,4,living,5,local
772,6,living,7,misc
2612,2,business,3,business
857,0,msn-news,1,msn-sports
142,6,on-air,7,on-air
944,5,on-air,6,msn-sports
1662,6,tech,7,frontpage
821,1,on-air,2,news
1705,1,sports,2,living
2857,2,health,3,sports
907,3,tech,4,sports
1960,3,business,4,living
482,3,tech,4,health
1055,4,travel,5,msn-sports
212,7,business,8,msn-news
988,5,sports,6,health
2223,2,opinion,3,business
50,3,local,4,weather
308,4,summary,5,msn-news
1539,1,travel,2,opinion
675,7,on-air,8,on-air
283,3,sports,4,on-air
507,3,local,4,business
3906,0,frontpage,1,tech
980,6,msn-news,7,misc
2117,0,summary,1,opinion
931,6,sports,7,frontpage
1320,0,business,1,news
276,6,tech,7,living
25,8,misc,9,msn-sports
1821,7,tech,8,opinion
4608,1,news,2,business
2356,3,opinion,4,bbs
1888,0,opinion,1,tech
2443,2,local,3,sports
938,5,on-air,6,weather
192,6,bbs,7,on-air
871,1,living,2,news
2007,2,local,3,living
444,4,living,5,msn-news
1171,0,sports,1,opinion
2170,0,msn-news,1,weather
1629,0,weather,1,health
1135,3,msn-sports,4,on-air
2521,1,living,2,sports
1531,0,business,1,summary
1410,4,business,5,living
423,3,msn-news,4,news
394,7,summary,8,msn-news
682,6,opinion,7,news
2367,3,health,4,summary
1721,2,misc,3,travel
40,6,living,7,tech
312,1,summary,2,on-air
297,6,misc,7,business
24,7,frontpage,8,sports
937,5,living,6,frontpage
304,4,tech,5,business
1055,0,bbs,1,sports
3001,0,msn-sports,1,misc
1636,4,on-air,5,summary
1748,1,weather,2,health
3273,4,tech,5,msn-sports
874,2,news,3,frontpage
1579,5,summary,6,bbs
475,4,frontpage,5,health
1413,6,msn-sports,7,news
1638,0,local,1,msn-news
174,0,health,1,local
2516,5,msn-news,6,misc
656,5,sports,6,weather
495,2,opinion,3,on-air
4180,3,tech,4,weather
532,3,misc,4,living
803,0,msn-news,1,bbs
282,2,tech,3,sports
991,8,frontpage,9,on-air
120,0,travel,1,local
2636,0,tech,1,sports
779,1,frontpage,2,tech
913,2,travel,3,bbs
1808,4,misc,5,health
537,3,travel,4,misc
972,6,weather,7,travel
1821,2,news,3,bbs
3714,2,business,3,tech
132,4,opinion,5,misc
2707,1,on-air,2,weather
634,7,business,8,weather
1376,3,opinion,4,on-air
764,6,health,7,msn-sports
512,6,local,7,sports
436,3,weather,4,on-air
2066,1,travel,2,travel
460,0,opinion,1,travel
475,5,health,6,weather
3462,5,summary,6,summary
478,6,tech,7,health
1000,0,bbs,1,opinion
1607,3,local,4,local
685,5,business,6,travel
1371,4,on-air,5,bbs
755,5,health,6,tech
1140,2,misc,3,news
1933,3,sports,4,living
1124,3,msn-sports,4,living
922,0,travel,1,bbs
455,0,tech,1,summary
858,0,local,1,frontpage
903,4,bbs,5,opinion
1530,4,sports,5,msn-news
1029,5,local,6,tech
1930,1,tech,2,on-air
1138,3,business,4,frontpage
1603,2,msn-news,3,tech
1156,0,local,1,bbs
790,6,sports,7,tech
248,5,living,6,on-air
688,0,on-air,1,travel
849,1,summary,2,opinion
3177,1,weather,2,travel
1921,1,weather,2,weather
224,5,tech,6,sports
966,8,frontpage,9,local
182,7,business,8,frontpage
401,0,health,1,living
16,5,travel,6,health
192,7,on-air,8,opinion
783,8,bbs,9,msn-sports
545,3,travel,4,summary
1058,5,weather,6,summary
1146,3,msn-sports,4,health
907,4,sports,5,local
3262,1,summary,2,bbs
2319,0,business,1,sports
1369,6,weather,7,summary
1179,3,health,4,misc
2450,0,msn-sports,1,msn-sports
930,3,living,4,msn-sports
1509,4,health,5,on-air
921,1,living,2,local
112,3,sports,4,local
792,5,news,6,tech
394,6,opinion,7,summary
635,7,bbs,8,health
1591,2,bbs,3,msn-news
1536,3,tech,4,misc
433,6,msn-sports,7,health
795,2,opinion,3,weather
1455,1,business,2,opinion
803,7,local,8,sports
2452,3,news,4,local
692,7,opinion,8,local
972,5,local,6,business
863,6,business,7,business
1223,1,sports,2,health
1236,3,local,4,misc
365,4,opinion,5,opinion
3341,0,msn-news,1,tech
391,6,frontpage,7,summary
61,1,frontpage,2,frontpage
1467,1,frontpage,2,local
501,1,opinion,2,summary
25,6,tech,7,business
1512,1,local,2,living
1887,0,news,1,frontpage
2084,1,health,2,on-air
2397,1,news,2,health
943,6,travel,7,business
1782,2,health,3,living
196,6,on-air,7,news
233,4,travel,5,tech
960,7,business,8,living
1060,1,msn-sports,2,msn-sports
861,5,misc,6,living
777,2,misc,3,sports
128,6,opinion,7,sports
1734,1,weather,2,summary
465,3,living,4,frontpage
197,4,business,5,health
386,4,sports,5,opinion
2694,1,news,2,local
295,4,msn-sports,5,weather
502,4,tech,5,tech
2397,1,weather,2,msn-news
1263,0,bbs,1,msn-news
1951,5,opinion,6,summary
168,4,frontpage,5,tech
1580,3,summary,4,misc
989,0,weather,1,msn-news
418,2,on-air,3,weather
666,7,summary,8,news
120,6,local,7,msn-news
2567,2,sports,3,msn-sports
3784,0,misc,1,summary
573,5,travel,6,summary
931,4,business,5,opinion
128,3,on-air,4,news
304,6,tech,7,msn-sports
1165,4,sports,5,business
388,0,msn-sports,1,msn-news
20,2,news,3,tech
1649,0,weather,1,misc
1117,2,health,3,business
1904,5,weather,6,on-air
2058,2,summary,3,business
2947,2,business,3,frontpage
2015,1,travel,2,sports
270,5,health,6,news
4184,0,msn-news,1,travel
74,4,summary,5,msn-sports
1679,4,health,5,msn-news
754,5,travel,6,business
963,4,tech,5,opinion
1387,2,opinion,3,travel
2995,6,local,7,bbs
1860,2,weather,3,tech
1532,4,frontpage,5,msn-sports
810,1,msn-news,2,travel
318,2,living,3,msn-news
688,3,misc,4,health
566,6,msn-news,7,tech
519,8,weather,9,news
713,6,living,7,msn-news
682,7,news,8,summary
1530,4,sports,5,bbs
1920,2,sports,3,on-air
2264,3,msn-sports,4,news
1047,4,living,5,tech
827,3,news,4,news
1709,4,frontpage,5,living
1414,7,summary,8,weather
919,7,weather,8,frontpage
917,6,sports,7,business
426,0,local,1,business
3015,0,msn-news,1,news
1759,8,local,9,local
1030,5,frontpage,6,travel
276,4,misc,5,frontpage
669,8,local,9,bbs
160,2,msn-news,3,travel
1608,2,business,3,news
1519,6,local,7,business
490,4,frontpage,5,misc
174,8,travel,9,summary
506,2,local,3,business
203,8,health,9,summary
531,3,local,4,bbs
953,6,summary,7,tech
80,4,business,5,misc
477,4,living,5,health
1361,2,frontpage,3,weather
1562,1,tech,2,bbs
81,2,msn-sports,3,opinion
1681,3,on-air,4,sports
1154,0,frontpage,1,opinion
110,3,msn-news,4,misc
515,5,tech,6,summary
1057,2,on-air,3,msn-news
1470,0,health,1,business
2192,1,misc,2,on-air
924,3,msn-sports,4,msn-sports
371,8,bbs,9,summary
991,4,frontpage,5,msn-news
1940,1,msn-news,2,local
2202,5,tech,6,local
915,3,msn-sports,4,msn-news
1072,3,local,4,on-air
1191,0,frontpage,1,summary
1127,4,local,5,health
1807,1,sports,2,business
555,7,travel,8,travel
1903,0,on-air,1,news
907,5,msn-news,6,sports
1327,7,local,8,local
351,0,summary,1,msn-news
1057,2,frontpage,3,living
900,0,bbs,1,summary
2156,5,bbs,6,travel
2587,1,msn-news,2,msn-news
723,7,on-air,8,local
788,2,weather,3,living
810,6,local,7,news
447,8,tech,9,sports
569,6,on-air,7,opinion
1211,2,frontpage,3,msn-sports
2063,0,local,1,msn-sports
403,1,bbs,2,opinion
1220,0,bbs,1,local
1193,5,summary,6,local
174,7,msn-sports,8,travel
781,2,opinion,3,opinion
4066,0,weather,1,msn-sports
806,6,msn-news,7,sports
1182,0,msn-news,1,living
1134,1,misc,2,sports
673,6,news,7,news
1766,6,misc,7,sports
1871,3,opinion,4,health
1465,1,frontpage,2,opinion
906,2,local,3,on-air
4346,2,msn-sports,3,health
1325,1,weather,2,on-air
956,4,msn-sports,5,summary
525,2,opinion,3,misc
4078,0,travel,1,travel
1263,5,news,6,msn-news
1811,2,weather,3,opinion
282,1,msn-news,2,tech
850,4,bbs,5,summary
1655,2,news,3,msn-news
490,8,frontpage,9,msn-news
3641,0,business,1,misc
1633,3,msn-sports,4,business
2081,0,health,1,frontpage
1359,2,msn-sports,3,travel
515,5,travel,6,msn-sports
3970,2,frontpage,3,on-air
1865,4,local,5,tech
33,8,living,9,travel
2032,6,bbs,7,opinion
1647,4,local,5,msn-news
2689,3,health,4,msn-news
1884,3,news,4,sports
120,7,msn-news,8,news
1858,3,health,4,tech
1495,5,misc,6,sports
149,6,opinion,7,misc
1022,0,misc,1,local
1000,3,living,4,msn-news
1607,1,sports,2,sports
157,1,news,2,living
1224,5,bbs,6,msn-news
953,3,sports,4,health
1202,2,local,3,health
511,3,frontpage,4,travel
2429,1,msn-sports,2,bbs
720,1,msn-sports,2,news
344,2,health,3,frontpage
1655,4,summary,5,business
2218,2,travel,3,msn-news
358,5,msn-news,6,msn-sports
926,1,business,2,tech
2056,2,business,3,msn-news
2353,0,bbs,1,frontpage
141,0,opinion,1,msn-news
2557,2,living,3,on-air
1248,4,misc,5,business
760,7,health,8,misc
762,2,living,3,frontpage
994,2,sports,3,opinion
142,3,bbs,4,msn-sports
3138,4,health,5,weather
913,2,on-air,3,summary
1957,7,opinion,8,frontpage
928,3,msn-news,4,tech
1120,7,sports,8,tech
1590,0,msn-news,1,frontpage
101,2,business,3,msn-sports
2333,0,travel,1,health
2804,0,living,1,travel
2628,0,misc,1,living
1718,2,tech,3,news
342,7,local,8,on-air
5,7,sports,8,misc
1612,4,misc,5,msn-news
2787,2,misc,3,summary
708,1,bbs,2,on-air
486,3,weather,4,local
3719,0,news,1,local
714,4,business,5,sports
691,2,tech,3,misc
946,6,misc,7,opinion
164,7,local,8,living
1647,2,news,3,misc
695,6,misc,7,msn-sports
1269,2,local,3,weather
913,0,bbs,1,on-air
565,5,misc,6,bbs
2004,0,opinion,1,business
537,1,business,2,health
974,2,tech,3,opinion
2127,2,bbs,3,bbs
589,1,tech,2,travel
1139,0,msn-sports,1,opinion
248,2,msn-sports,3,local
149,3,on-air,4,opinion
12,3,tech,4,tech
2260,0,business,1,frontpage
567,5,news,6,on-air
256,4,weather,5,frontpage
944,4,on-air,5,on-air
333,7,tech,8,living
1710,5,sports,6,sports
1020,1,misc,2,frontpage
2112,2,summary,3,summary
1328,5,health,6,opinion
2008,5,news,6,summary
81,6,sports,7,opinion
1573,0,opinion,1,bbs
270,7,misc,8,business
902,4,opinion,5,living
193,4,business,5,msn-news
511,4,business,5,bbs
1766,4,msn-sports,5,sports
1884,1,misc,2,tech
902,4,weather,5,health
2136,1,on-air,2,frontpage
765,6,travel,7,msn-news
1631,1,bbs,2,msn-news
863,7,business,8,summary
1709,3,living,4,tech
319,1,weather,2,msn-sports
761,6,opinion,7,health
1066,7,summary,8,business
642,2,frontpage,3,summary
858,5,bbs,6,news
2549,5,msn-news,6,local
1521,7,msn-sports,8,living
790,1,opinion,2,msn-sports
